
INSERT INTO class_room(`id`,`name`,`grade`) VALUES
(1,'English Basic', 9),
(2,'English 101', 9),
(3,'More English', 10),
(4,'Most English', 11),
(5,'Advanced English', 12),
(6,'Lekker English', 12);

INSERT INTO `religion`(id,`religion_name`) VALUES
(1,'Dog cult'),
(2,'Amstel');

INSERT INTO `term` (`id`,`description`,`term_start_date`,`term_end_date`) VALUES
(1, 'Term 1', '2021-01-01', '2021-02-28'),
(2, 'Term 2', '2021-03-7', '2021-04-30'),
(3, 'Term 3', '2021-05-14', '2021-07-31'),
(4, 'Term 4', '2021-08-14', '2021-11-30');

INSERT INTO `holiday` (`id`,`holiday_name`,`holiday_date`,`holiday_type`,`parent_holiday_id`,`is_recurring`,`religion_id`)VALUES
(1,'Beer Day','2021-03-16',0,null,1,null),
(2,'National Dog Day','2021-03-12',1,null,1,1),
(3,'Presidents Day','2021-03-28',0,null,1,null),
(4,'Presidents Day','2021-03-29',0,3,1,null),
(5,'More Beer Day','2021-03-31',0,null,1,2),
(6,'Women''s Day','2021-04-21',0,null,1,null),
(7,'Puppy day','2021-04-21',0,null,1,1);


INSERT INTO `student`(`id`,`class_room_id`,`full_name`,`nickname`,`status`,`religion_id`) VALUES
    (	1, 1, 'Abigail Abraham', null,'active', null),
    (	2, 1, 'Alexandra Allan', null,'active', null),
    (	3, 1, 'Alison Alsop', null,'active', 1),
    (	4, 1, 'Amanda Anderson', null,'active', null),
    (	5, 1, 'Amelia Arnold', null,'active', null),
    (	6, 1, 'Amy Avery', null,'active', 1),
    (	7, 1, 'Andrea Bailey', null,'active', null),
    (	8, 1, 'Angela Baker', null,'active', null),
    (	9, 1, 'Anna Ball', null,'active', 2),
    (	10, 1, 'Anne Bell', null,'active', null),
    (	11, 1, 'Audrey Berry', null,'active', null),
    (	12, 1, 'Ava Black', null,'active', null),
    (	13, 1, 'Bella Blake', null,'active', null),
    (	14, 1, 'Bernadette Bond', null,'active', null),
    (	15, 1, 'Carol Bower', null,'active', null),
    (	16, 1, 'Caroline Brown', null,'active', null),
    (	17, 1, 'Carolyn Buckland', null,'active', null),
    (	18, 1, 'Chloe Burgess', null,'active', null),
    (	19, 1, 'Claire Butler', null,'active', null),
    (	20, 1, 'Deirdre Cameron', null,'active', null),
    (	21, 2, 'Diana Campbell', null,'active', null),
    (	22, 2, 'Diane Carr', null,'active', null),
    (	23, 2, 'Donna Chapman', null,'active', null),
    (	24, 2, 'Dorothy Churchill', null,'active', null),
    (	25, 2, 'Elizabeth Clark', null,'active', null),
    (	26, 2, 'Ella Clarkson', null,'active', null),
    (	27, 2, 'Emily Coleman', null,'active', null),
    (	28, 2, 'Emma Cornish', null,'active', null),
    (	29, 2, 'Faith Davidson', null,'active', null),
    (	30, 2, 'Felicity Davies', null,'active', null),
    (	31, 2, 'Fiona Dickens', null,'active', null),
    (	32, 2, 'Gabrielle Dowd', null,'active', null),
    (	33, 2, 'Grace Duncan', null,'active', null),
    (	34, 2, 'Hannah Dyer', null,'active', null),
    (	35, 2, 'Heather Edmunds', null,'active', null),
    (	36, 2, 'Irene Ellison', null,'active', 1),
    (	37, 2, 'Jan Ferguson', null,'active', null),
    (	38, 2, 'Jane Fisher', null,'active', null),
    (	39, 2, 'Jasmine Forsyth', null,'active', null),
    (	40, 2, 'Jennifer Fraser', null,'active', null),
    (	41, 2, 'Jessica Gibson', null,'active', null),
    (	42, 2, 'Joan Gill', null,'active', null),
    (	43, 2, 'Joanne Glover', null,'active', null),
    (	44, 2, 'Julia Graham', null,'active', null),
    (	45, 2, 'Karen Grant', null,'active', null),
    (	46, 3, 'Katherine Gray', null,'active', null),
    (	47, 3, 'Kimberly Greene', null,'active', null),
    (	48, 3, 'Kylie Hamilton', null,'active', null),
    (	49, 3, 'Lauren Hardacre', null,'active', null),
    (	50, 3, 'Leah Harris', null,'active', null),
    (	51, 3, 'Lillian Hart', null,'active', null),
    (	52, 3, 'Lily Hemmings', null,'active', null),
    (	53, 3, 'Lisa Henderson', null,'active', null),
    (	54, 3, 'Madeleine Hill', null,'active', null),
    (	55, 3, 'Maria Hodges', null,'active', null),
    (	56, 3, 'Mary Howard', null,'active', null),
    (	57, 3, 'Megan Hudson', null,'active', null),
    (	58, 3, 'Melanie Hughes', null,'active', null),
    (	59, 3, 'Michelle Hunter', null,'active', null),
    (	60, 3, 'Molly Ince', null,'active', null),
    (	61, 3, 'Natalie Jackson', null,'active', null),
    (	62, 3, 'Nicola James', null,'active', null),
    (	63, 3, 'Olivia Johnston', null,'active', null),
    (	64, 3, 'Penelope Jones', null,'active', null),
    (	65, 3, 'Pippa Kelly', null,'active', null),
    (	66, 3, 'Rachel Kerr', null,'active', 2),
    (	67, 3, 'Rebecca King', null,'active', null),
    (	68, 3, 'Rose Knox', null,'active', null),
    (	69, 3, 'Ruth Lambert', null,'active', null),
    (	70, 3, 'Sally Langdon', null,'active', null),
    (	71, 3, 'Samantha Lawrence', null,'active', null),
    (	72, 3, 'Sarah Lee', null,'active', null),
    (	73, 3, 'Sonia Lewis', null,'active', null),
    (	74, 3, 'Sophie Lyman', null,'active', null),
    (	75, 3, 'Stephanie MacDonald', null,'active', null),
    (	76, 4, 'Sue Mackay', null,'active', null),
    (	77, 4, 'Theresa Mackenzie', null,'active', null),
    (	78, 4, 'Tracey MacLeod', null,'active', null),
    (	79, 4, 'Una Manning', null,'active', null),
    (	80, 4, 'Vanessa Marshall', null,'active', null),
    (	81, 4, 'Victoria Martin', null,'active', null),
    (	82, 4, 'Virginia Mathis', null,'active', null),
    (	83, 4, 'Wanda May', null,'active', null),
    (	84, 4, 'Wendy McDonald', null,'active', null),
    (	85, 4, 'Yvonne McLean', null,'active', null),
    (	86, 4, 'Zoe McGrath', null,'active', null),
    (	87, 4, 'Adam Metcalfe', null,'active', null),
    (	88, 4, 'Adrian Miller', null,'active', null),
    (	89, 4, 'Alan Mills', null,'active', 1),
    (	90, 4, 'Alexander Mitchell', null,'active', null),
    (	91, 4, 'Andrew Morgan', null,'active', null),
    (	92, 4, 'Anthony Morrison', null,'active', 1),
    (	93, 4, 'Austin Murray', null,'active', 1),
    (	94, 4, 'Benjamin Nash', null,'active', null),
    (	95, 4, 'Blake Newman', null,'active', null),
    (	96, 4, 'Boris Nolan', null,'active', null),
    (	97, 4, 'Brandon North', 'The other guy','active', null),
    (	98, 4, 'Brian Ogden', 'Brian the fool','active', null),
    (	99, 4, 'Cameron Oliver', null,'active', null),
    (	100, 4, 'Carl Paige', null,'active', null),
    (	101, 4, 'Charles Parr', null,'active', null),
    (	102, 4, 'Christian Parsons', null,'active', null),
    (	103, 4, 'Christopher Paterson', null,'active', null),
    (	104, 4, 'Colin Payne', null,'active', null),
    (	105, 4, 'Connor Peake', null,'active', null),
    (	106, 4, 'Dan Peters', null,'active', 2),
    (	107, 4, 'David Piper', null,'active', 2),
    (	108, 4, 'Dominic Poole', null,'active', 2),
    (	109, 4, 'Dylan Powell', null,'active', null),
    (	110, 4, 'Edward Pullman', null,'active', null),
    (	111, 4, 'Eric Quinn', null,'active', null),
    (	112, 5, 'Evan Rampling', null,'active', null),
    (	113, 5, 'Frank Randall', null,'active', null),
    (	114, 5, 'Gavin Rees', null,'active', null),
    (	115, 5, 'Gordon Reid', null,'active', null),
    (	116, 5, 'Harry Roberts', null,'active', null),
    (	117, 5, 'Ian Robertson', null,'active', null),
    (	118, 5, 'Isaac Ross', null,'active', null),
    (	119, 5, 'Jack Russell', null,'active', null),
    (	120, 5, 'Jacob Rutherford', null,'active', null),
    (	121, 5, 'Jake Sanderson', null,'active', null),
    (	122, 5, 'James Scott', null,'active', null),
    (	123, 5, 'Jason Sharp', null,'active', null),
    (	124, 5, 'Joe Short', null,'active', null),
    (	125, 5, 'John Simpson', null,'active', null),
    (	126, 5, 'Jonathan Skinner', null,'active', null),
    (	127, 5, 'Joseph Slater', null,'active', null),
    (	128, 5, 'Joshua Smith', null,'active', null),
    (	129, 5, 'Julian Springer', null,'active', null),
    (	130, 5, 'Justin Stewart', null,'active', null),
    (	131, 5, 'Keith Sutherland', null,'active', null),
    (	132, 6, 'Kevin Taylor', null,'active', null),
    (	133, 6, 'Leonard Terry', null,'active', null),
    (	134, 6, 'Liam Thomson', null,'active', null),
    (	135, 6, 'Lucas Tucker', null,'active', null),
    (	136, 6, 'Luke Turner', null,'active', null),
    (	137, 6, 'Matt Underwood', null,'active', null),
    (	138, 6, 'Max Vance', null,'active', null),
    (	139, 6, 'Michael Vaughan', null,'active', null),
    (	140, 6, 'Nathan Walker', null,'active', null),
    (	141, 6, 'Neil Wallace', null,'active', null),
    (	142, 6, 'Nicholas Walsh', null,'active', null),
    (	143, 6, 'Oliver Watson', null,'active', 2),
    (	144, 6, 'Owen Welch', null,'active', null),
    (	145, 6, 'Paul White', null,'active', null),
    (	146, 6, 'Peter Wilkins', null,'active', 1),
    (	147, 6, 'Phil Wilson', null,'active', null),
    (	148, 6, 'Piers Wright', null,'active', null),
    (	149, 6, 'Richard Young', null,'active', null);


INSERT INTO `student_absence`(`id`,`student_id`,`from_date`,`to_date`,`reason`) VALUES
(1,2,'2021-03-10','2021-03-28', 'dog died'),
(2,4,'2021-03-10','2021-03-19', 'dog ate cat'),
(3,15,'2021-03-14','2021-03-28', 'grandmother died'),
(4,34,'2021-03-15','2021-03-28', 'sick flu'),
(5,36,'2021-03-10','2021-03-28', 'sick plague'),
(6,66,'2021-03-19','2021-03-28', 'died'),
(7,77,'2021-03-11','2021-03-28', 'dog died'),
(8,88,'2021-03-12','2021-03-28', 'dog died'),
(9,102,'2021-03-13','2021-03-18', 'dog died'),
(10,103,'2021-03-14','2021-03-18', 'dog died'),
(11,126,'2021-03-10','2021-03-18', 'dog died'),
(12,128,'2021-03-10','2021-04-08', 'dog died'),
(13,130,'2021-03-10','2021-03-28', 'dog died'),
(14,140,'2021-03-10','2021-03-28', 'dog died');